appName,avgIAT,cv,latencies
app2,86400.00,0.46,7062
app13,86400.00,0.18,8664
app23,86400.00,1.18,12892
app20,43200.00,3.17,13877
app17,86400.00,3.62,13901
app29,86400.00,0.01,14578
app12,28800.00,2.52,15448
app7,43200.00,0.12,23844
app8,86400.00,0.30,24430
app14,8640.00,157.42,24544
app9,14400.00,0.00,32274
app11,14400.00,0.94,37013
app19,28800.00,0.26,37033
app10,43200.00,0.00,45351
app1,86400.00,0.00,60043
app26,14400.00,0.00,60061
app16,505.26,4.89,7621, 8944, 7931
app4,180.00,2.74,24958, 10903, 17846, 17049, 12210, 3252, 6175, 8815
app6,298.96,0.93,12913, 7377, 9442, 12772, 15052, 15770, 16817, 12781, 9975, 11454
app28,234.15,0.00,31806, 9547, 10890, 14397, 6913, 11227, 14154, 12084, 20540, 10262, 11992, 4788, 5336, 1219, 3682
app25,188.65,0.00,14181, 4231, 5478, 2887, 6169, 11287, 10372, 6315, 5889, 5411, 7541, 5085, 4761, 4602, 4162, 3782, 5208, 4389, 5944
app15,822.86,0.15,5976, 6558, 1195, 6895, 4597
app3,59.14,0.30,7110, 3059, 3832, 5980, 6451, 228, 214, 287, 5355, 161, 5725, 128, 2064, 249, 2846, 178, 4784, 161, 171, 187, 122, 347, 187, 12847, 12478, 135, 207, 6979, 110, 208, 147, 6417, 2836, 332, 165, 140, 127, 4347, 5659, 162, 179, 155, 244, 243, 239, 360, 1004, 300, 333, 153, 226, 2333, 242, 518, 151, 290, 293, 356, 527, 262
app27,56.62,0.14,23384, 6478, 13200, 1323, 13244, 284, 396, 261, 13512, 224, 705, 15172, 9395, 381, 835, 2411, 8799, 17375, 16987, 6518, 501, 308, 285, 15886, 10177, 486, 284, 17623, 393, 248, 8520, 10338, 292, 1155, 370, 14455, 9508, 11697, 10730, 243, 569, 9738, 266, 276, 337, 270, 574, 321, 323, 257, 274, 285, 693, 841, 217, 427, 365
app5,63.72,3.34,13613, 8125, 15041, 12737, 278, 10939, 15540, 10655, 357, 9105, 12841, 10058, 14609, 559, 3770
app22,50.53,0.06,25090, 10553, 11557, 331, 239, 213, 351, 272, 527, 671, 16789, 376, 207, 7785, 341, 288, 345, 392, 4548, 330, 352, 243, 351, 12235, 386, 1052, 465, 253, 313, 12890, 344, 295, 324, 1134, 373, 796, 243, 311, 12764, 230, 261, 330, 1023, 17224, 7813, 1399, 6360, 289, 389, 353, 326, 12000, 5328, 10104, 11844, 1105, 4694, 3405, 4429, 7170, 4636, 4782, 3079, 265, 4217, 378, 276, 355
app21,553.85,2.44,23415, 14380, 3502
app0,60.00,0.03,32243, 18225, 13372, 395, 21867, 371, 383, 17690, 24745, 22513, 26110, 15003, 15354, 17715, 488, 23057, 427, 1043, 803, 1379, 15607, 25615, 558, 382, 15975, 23521, 469, 23237, 19987, 437, 719, 22525, 21206, 19776, 10558, 13771, 1224, 2223, 4558, 3630, 3984, 7637, 9486, 5202, 5562, 3752, 4673, 6323, 730, 6558, 1836, 4518
app24,31.80,0.00,23404, 9501, 12310, 4462, 282, 280, 277, 370, 219, 233, 413, 1716, 2003, 493, 793, 247, 323, 276, 318, 649, 12988, 223, 277, 4913, 314, 417, 222, 387, 318, 277, 329, 1281, 428, 898, 2127, 3217, 679, 377, 384, 255, 270, 378, 517, 314, 418, 2467, 379, 276, 376, 1653, 837, 449, 376, 252, 367, 320, 558, 582, 306, 22120, 2682, 373, 335, 2150, 1755, 482, 460, 301, 4973, 320, 306, 304, 275, 269, 337, 251, 337, 269, 677, 336, 4485, 383, 276, 335, 870, 392, 308, 318, 362, 3010, 1210, 1777, 922, 323, 333, 295, 305, 1409, 501, 260, 253, 529, 277, 250, 253, 408, 418, 394, 315, 304
app18,21.19,0.92,43089, 26999, 32160, 31039, 3708, 2051, 3234, 1047, 599, 618, 638, 751, 1355, 785, 1507, 678, 745, 8726, 19161, 1359, 714, 27178, 35447, 1094, 1162, 743, 1225, 575, 763, 726, 2630, 35104, 39005, 1996, 594, 6911, 1901, 1327, 928, 698, 3846, 825, 704, 34425, 51501, 1244, 627, 1229, 1196, 1382, 3414, 751, 1263, 745, 2778, 1110, 601, 853, 859, 2425, 2612, 1103, 1457, 767, 1267, 1253, 641, 654, 5055, 625, 781, 2085, 1164, 1492, 623, 2307, 672, 8840, 1824, 1098, 723, 3015, 567, 964, 763, 780, 2119, 1695, 639, 589, 716, 4906, 837, 2495, 1554, 1275, 784, 633, 1025, 730, 3818, 659, 920, 1209, 664, 823, 4542, 670, 680
